VIGENCIA,MES,RUBRO,CONCEPTO,PRESUPUESTO VIGENTE (PV),COMPROMISOS (CP),PAGOS (PG),CP/PV,PG/PV
"2,016",1,A,GASTO DE FUNCIONAMIENTO,"119,832,000,000.00","10,792,836,136.00","2,070,836,725.00",9.01,1.73
"2,016",1,B,GASTOS DE OPERACIÓN COMERCIAL,"30,488,100,000.00","12,393,144,534.00",0.00,40.65,0
"2,016",1,D,GASTOS DE INVERSIÓN,"561,057,900,000.00","162,528,824,704.00","3,399,308,956.00",28.97,0.61
"2,016",1,Y,DISPONIBILIDAD FINAL,"7,354,000,000.00","-26,722,351,640.00","153,522,308,053.00",-363.37,"2,087.6"
"2,016",2,A,GASTO DE FUNCIONAMIENTO,"119,832,000,000.00","23,984,081,461.00","15,114,532,239.00",20.01,12.61
"2,016",2,B,GASTOS DE OPERACIÓN COMERCIAL,"30,488,100,000.00","12,393,727,321.00","110,263,693.00",40.65,0.36
"2,016",2,D,GASTOS DE INVERSIÓN,"561,057,900,000.00","169,481,298,975.00","32,431,454,928.00",30.21,5.78
"2,016",2,Y,DISPONIBILIDAD FINAL,"7,354,000,000.00","-13,124,735,662.00","145,078,121,235.00",-178.47,"1,972.78"
"2,016",3,A,GASTO DE FUNCIONAMIENTO,"119,832,000,000.00","28,732,088,499.00","22,355,756,323.00",23.98,18.66
"2,016",3,B,GASTOS DE OPERACIÓN COMERCIAL,"30,488,100,000.00","12,391,682,952.00","982,286,916.00",40.64,3.22
"2,016",3,D,GASTOS DE INVERSIÓN,"561,057,900,000.00","235,759,789,183.00","87,593,743,156.00",42.02,15.61
"2,016",3,Y,DISPONIBILIDAD FINAL,"7,354,000,000.00","-39,574,127,214.00","126,377,647,025.00",-538.13,"1,718.49"
"2,016",4,A,GASTO DE FUNCIONAMIENTO,"119,832,000,000.00","36,553,543,941.00","29,971,021,387.00",30.5,25.01
"2,016",4,B,GASTOS DE OPERACIÓN COMERCIAL,"30,488,100,000.00","12,428,730,804.00","2,586,032,397.00",40.77,8.48
"2,016",4,D,GASTOS DE INVERSIÓN,"561,057,900,000.00","258,715,163,754.00","102,257,099,325.00",46.11,18.23
"2,016",4,Y,DISPONIBILIDAD FINAL,"7,354,000,000.00","-31,348,180,445.00","141,535,104,945.00",-426.27,"1,924.6"
"2,016",5,A,GASTO DE FUNCIONAMIENTO,"119,832,000,000.00","51,218,972,174.00","44,463,970,901.00",42.74,37.11
"2,016",5,B,GASTOS DE OPERACIÓN COMERCIAL,"30,488,100,000.00","22,940,237,934.00","4,235,814,373.00",75.24,13.89
"2,016",5,D,GASTOS DE INVERSIÓN,"561,057,900,000.00","321,221,136,713.00","108,042,143,797.00",57.25,19.26
"2,016",5,Y,DISPONIBILIDAD FINAL,"7,354,000,000.00","-75,810,640,281.00","162,827,777,469.00","-1,030.88","2,214.14"
"2,016",6,A,GASTO DE FUNCIONAMIENTO,"119,832,000,000.00","60,970,310,078.00","54,166,225,011.00",50.88,45.2
"2,016",6,B,GASTOS DE OPERACIÓN COMERCIAL,"30,488,100,000.00","23,220,264,467.00","6,136,625,528.00",76.16,20.13
"2,016",6,D,GASTOS DE INVERSIÓN,"561,057,900,000.00","354,901,850,371.00","137,104,392,786.00",63.26,24.44
"2,016",6,Y,DISPONIBILIDAD FINAL,"7,354,000,000.00","-75,246,925,202.00","166,438,256,389.00","-1,023.21","2,263.23"
"2,016",7,A,GASTO DE FUNCIONAMIENTO,"119,832,000,000.00","65,865,680,653.00","58,808,394,360.00",54.97,49.08
"2,016",7,B,GASTOS DE OPERACIÓN COMERCIAL,"30,488,100,000.00","24,336,363,215.00","6,466,559,957.00",79.82,21.21
"2,016",7,D,GASTOS DE INVERSIÓN,"561,057,900,000.00","350,277,788,133.00","159,279,423,471.00",62.43,28.39
"2,016",7,Y,DISPONIBILIDAD FINAL,"7,354,000,000.00","-46,658,783,532.00","169,266,670,681.00",-634.47,"2,301.7"
"2,016",8,A,GASTO DE FUNCIONAMIENTO,"119,832,000,000.00","69,840,802,195.00","62,437,328,475.00",58.28,52.1
"2,016",8,B,GASTOS DE OPERACIÓN COMERCIAL,"30,488,100,000.00","24,423,043,648.00","10,106,257,181.00",80.11,33.15
"2,016",8,Y,DISPONIBILIDAD FINAL,"7,354,000,000.00","-102,344,820,294.00","160,821,021,125.00","-1,391.69","2,186.85"
"2,016",9,A,GASTO DE FUNCIONAMIENTO,"119,832,000,000.00","79,380,294,421.00","69,762,192,308.00",66.24,58.22
"2,016",9,B,GASTOS DE OPERACIÓN COMERCIAL,"30,488,100,000.00","24,125,312,003.00","11,709,231,305.00",79.13,38.41
"2,016",9,D,GASTOS DE INVERSIÓN,"561,057,900,000.00","465,265,959,339.00","264,631,120,906.00",82.93,47.17
"2,016",9,Y,DISPONIBILIDAD FINAL,"7,354,000,000.00","-88,965,310,142.00","133,703,711,102.00","-1,209.75","1,818.11"
"2,016",10,A,GASTO DE FUNCIONAMIENTO,"122,427,000,000.00","82,577,106,157.00","73,625,485,220.00",67.45,60.14
"2,016",10,B,GASTOS DE OPERACIÓN COMERCIAL,"30,488,100,000.00","24,216,921,901.00","13,467,803,072.00",79.43,44.17
"2,016",10,D,GASTOS DE INVERSIÓN,"620,504,120,000.00","469,621,706,403.00","283,057,466,343.00",75.68,45.62
"2,016",10,Y,DISPONIBILIDAD FINAL,"27,267,873,113.00","-53,688,350,016.00","152,576,629,810.00",-196.89,559.55
"2,016",11,A,GASTO DE FUNCIONAMIENTO,"122,427,000,000.00","86,664,677,552.00","77,863,827,398.00",70.79,63.6
"2,016",11,B,GASTOS DE OPERACIÓN COMERCIAL,"30,488,100,000.00","24,408,620,228.00","15,205,139,947.00",80.06,49.87
"2,016",11,D,GASTOS DE INVERSIÓN,"620,504,120,000.00","484,492,701,544.00","304,521,540,452.00",78.08,49.08
"2,016",11,Y,DISPONIBILIDAD FINAL,"27,267,873,113.00","-32,561,123,116.00","165,414,368,411.00",-119.41,606.63
"2,016",12,A,GASTO DE FUNCIONAMIENTO,"122,427,000,000.00","95,591,729,442.00","91,354,880,740.00",78.08,74.62
"2,016",12,B,GASTOS DE OPERACIÓN COMERCIAL,"30,488,100,000.00","26,038,487,558.00","19,063,705,032.00",85.41,62.53
"2,016",12,D,GASTOS DE INVERSIÓN,"620,504,120,000.00","490,762,160,753.00","380,490,095,687.00",79.09,61.32
"2,016",12,Y,DISPONIBILIDAD FINAL,"27,267,873,113.00","4,594,921,010.00","126,078,617,304.00",16.85,462.37
"2,016",8,D,GASTOS DE INVERSIÓN,"561,057,900,000.00","445,380,772,768.00","203,935,191,536.00",79.38,36.35
"2,017",1,A,GASTO DE FUNCIONAMIENTO,"146,947,000,000.00","14,231,843,472.00","2,915,907,504.00",9.69,1.98
"2,017",1,B,GASTOS DE OPERACIÓN COMERCIAL,"33,490,000,000.00","16,858,258,842.00",0.00,50.34,0
"2,017",1,D,GASTOS DE INVERSIÓN,"570,528,000,000.00","205,359,522,879.00","616,875,013.00",35.99,0.11
"2,017",1,Y,DISPONIBILIDAD FINAL,"22,708,000,000.00","-69,614,444,022.00","163,302,398,654.00",-306.56,719.14
"2,017",2,A,GASTO DE FUNCIONAMIENTO,"146,947,000,000.00","40,494,842,027.00","26,730,580,749.00",27.56,18.19
"2,017",2,B,GASTOS DE OPERACIÓN COMERCIAL,"33,490,000,000.00","16,860,924,941.00",0.00,50.35,0
"2,017",2,D,GASTOS DE INVERSIÓN,"570,528,000,000.00","215,644,585,751.00","15,296,651,329.00",37.8,2.68
"2,017",2,Y,DISPONIBILIDAD FINAL,"22,708,000,000.00","-94,016,009,233.00","136,957,111,408.00",-414.02,603.12
"2,017",3,A,GASTO DE FUNCIONAMIENTO,"146,947,000,000.00","48,452,076,923.00","32,758,210,935.00",32.97,22.29
"2,017",3,B,GASTOS DE OPERACIÓN COMERCIAL,"33,681,000,000.00","16,902,376,249.00","1,655,828,480.00",50.18,4.92
"2,017",3,D,GASTOS DE INVERSIÓN,"570,337,000,000.00","248,781,210,224.00","62,375,658,250.00",43.62,10.94
"2,017",3,Y,DISPONIBILIDAD FINAL,"22,708,000,000.00","-102,401,884,341.00","114,944,081,390.00",-450.95,506.18
"2,017",4,A,GASTO DE FUNCIONAMIENTO,"146,947,000,000.00","62,567,932,026.00","46,364,572,380.00",42.58,31.55
"2,017",4,B,GASTOS DE OPERACIÓN COMERCIAL,"33,490,000,000.00","17,406,027,379.00","3,029,647,320.00",51.97,9.05
"2,017",4,D,GASTOS DE INVERSIÓN,"570,528,000,000.00","393,836,614,781.00","75,383,281,218.00",69.03,13.21
"2,017",4,Y,DISPONIBILIDAD FINAL,"22,708,000,000.00","-242,128,102,289.00","106,904,970,979.00","-1,066.27",470.78
"2,017",5,A,GASTO DE FUNCIONAMIENTO,"146,947,000,000.00","68,666,584,264.00","51,907,175,631.00",46.73,35.32
"2,017",5,B,GASTOS DE OPERACIÓN COMERCIAL,"33,490,000,000.00","15,069,032,352.00","4,733,775,187.00",45,14.13
"2,017",5,D,GASTOS DE INVERSIÓN,"570,528,000,000.00","425,613,266,533.00","89,021,264,180.00",74.6,15.6
"2,017",5,Y,DISPONIBILIDAD FINAL,"22,708,000,000.00","-230,680,276,777.00","133,006,391,374.00","-1,015.85",585.72
"2,017",6,A,GASTO DE FUNCIONAMIENTO,"146,947,000,000.00","82,582,560,486.00","64,775,372,135.00",56.2,44.08
"2,017",6,B,GASTOS DE OPERACIÓN COMERCIAL,"33,490,000,000.00","26,601,606,080.00","7,110,926,094.00",79.43,21.23
"2,017",6,D,GASTOS DE INVERSIÓN,"570,528,000,000.00","445,645,845,362.00","134,658,332,622.00",78.11,23.6
"2,017",6,Y,DISPONIBILIDAD FINAL,"22,708,000,000.00","-238,271,529,908.00","110,013,851,169.00","-1,049.28",484.47
"2,017",7,A,GASTO DE FUNCIONAMIENTO,"146,947,000,000.00","87,964,078,058.00","69,745,260,069.00",59.86,47.46
"2,017",7,B,GASTOS DE OPERACIÓN COMERCIAL,"33,490,000,000.00","27,018,802,019.00","8,681,449,791.00",80.68,25.92
"2,017",7,D,GASTOS DE INVERSIÓN,"570,528,000,000.00","432,483,789,537.00","175,945,976,177.00",75.8,30.84
"2,017",7,Y,DISPONIBILIDAD FINAL,"22,708,000,000.00","-203,135,702,942.00","89,958,280,635.00",-894.56,396.15
"2,017",8,A,GASTO DE FUNCIONAMIENTO,"146,947,000,000.00","94,190,585,028.00","74,842,441,871.00",64.1,50.93
"2,017",8,B,GASTOS DE OPERACIÓN COMERCIAL,"33,490,000,000.00","27,493,603,335.00","8,920,580,051.00",82.09,26.64
"2,017",8,D,GASTOS DE INVERSIÓN,"570,528,000,000.00","447,713,067,095.00","216,882,855,962.00",78.47,38.01
"2,017",8,Y,DISPONIBILIDAD FINAL,"22,708,000,000.00","-132,991,651,161.00","135,759,726,413.00",-585.66,597.85
"2,017",9,A,GASTO DE FUNCIONAMIENTO,"146,947,000,000.00","103,878,796,794.00","82,886,535,684.00",70.69,56.41
"2,017",9,B,GASTOS DE OPERACIÓN COMERCIAL,"33,490,000,000.00","28,163,129,043.00","12,291,858,946.00",84.09,36.7
"2,017",9,D,GASTOS DE INVERSIÓN,"570,528,000,000.00","455,808,909,426.00","276,564,030,543.00",79.89,48.48
"2,017",9,Y,DISPONIBILIDAD FINAL,"22,708,000,000.00","-109,743,245,636.00","106,365,164,454.00",-483.28,468.4
"2,017",10,A,GASTO DE FUNCIONAMIENTO,"146,947,000,000.00","113,128,878,966.00","90,827,553,206.00",76.99,61.81
"2,017",10,B,GASTOS DE OPERACIÓN COMERCIAL,"33,490,000,000.00","28,393,291,952.00","14,351,935,698.00",84.78,42.85
"2,017",10,D,GASTOS DE INVERSIÓN,"570,528,000,000.00","469,592,522,730.00","306,983,333,255.00",82.31,53.81
"2,017",10,Y,DISPONIBILIDAD FINAL,"22,708,000,000.00","-86,330,578,843.00","112,621,292,646.00",-380.18,495.95
"2,017",11,A,GASTO DE FUNCIONAMIENTO,"146,947,000,000.00","118,757,933,651.00","99,634,980,118.00",80.82,67.8
"2,017",11,B,GASTOS DE OPERACIÓN COMERCIAL,"33,490,000,000.00","28,443,763,599.00","16,394,277,700.00",84.93,48.95
"2,017",11,D,GASTOS DE INVERSIÓN,"570,528,000,000.00","485,330,504,003.00","343,823,867,635.00",85.07,60.26
"2,017",11,Y,DISPONIBILIDAD FINAL,"22,708,000,000.00","-57,849,796,582.00","114,829,279,218.00",-254.76,505.68
"2,017",12,A,GASTO DE FUNCIONAMIENTO,"146,947,000,000.00","126,917,260,974.00","117,390,526,389.00",86.37,79.89
"2,017",12,B,GASTOS DE OPERACIÓN COMERCIAL,"33,490,000,000.00","30,523,306,535.00","22,496,000,743.00",91.14,67.17
"2,017",12,D,GASTOS DE INVERSIÓN,"570,528,000,000.00","523,156,599,656.00","433,120,315,935.00",91.7,75.92
"2,017",12,Y,DISPONIBILIDAD FINAL,"22,708,000,000.00","-46,676,121,590.00","60,914,202,508.00",-205.55,268.25
"2,018",1,A,GASTO DE FUNCIONAMIENTO,"121,702,000,000.00","22,095,066,601.00","5,460,448,472.00",18.16,4.49
"2,018",1,B,GASTOS DE OPERACIÓN COMERCIAL,"34,567,000,000.00","19,098,157,811.00","12,849,286.00",55.25,0.04
"2,018",1,D,GASTOS DE INVERSIÓN,"516,073,547,800.00","177,401,256,730.00","14,301,757,548.00",34.38,2.77
"2,018",1,Y,DISPONIBILIDAD FINAL,"20,934,452,200.00","-94,231,966,159.00","104,587,459,677.00",-450.13,499.59
"2,018",2,A,GASTO DE FUNCIONAMIENTO,"121,702,000,000.00","28,105,674,760.00","10,937,179,917.00",23.09,8.99
"2,018",2,B,GASTOS DE OPERACIÓN COMERCIAL,"34,567,000,000.00","19,078,157,811.00","63,449,006.00",55.19,0.18
"2,018",2,D,GASTOS DE INVERSIÓN,"516,073,547,800.00","182,847,281,577.00","26,030,594,497.00",35.43,5.04
"2,018",2,Y,DISPONIBILIDAD FINAL,"20,934,452,200.00","-85,094,833,826.00","107,905,056,902.00",-406.48,515.44
"2,018",3,A,GASTO DE FUNCIONAMIENTO,"121,702,000,000.00","32,828,455,114.00","19,846,214,331.00",26.97,16.31
"2,018",3,B,GASTOS DE OPERACIÓN COMERCIAL,"34,567,000,000.00","19,512,157,811.00","1,673,716,797.00",56.45,4.84
"2,018",3,D,GASTOS DE INVERSIÓN,"516,073,547,800.00","223,569,905,662.00","65,733,144,699.00",43.32,12.74
"2,018",3,Y,DISPONIBILIDAD FINAL,"20,934,452,200.00","-87,395,984,914.00","101,261,457,846.00",-417.47,483.71
"2,018",5,B,GASTOS DE OPERACIÓN COMERCIAL,"34,567,000,000.00","15,012,852,866.00","5,675,890,170.00",43.43,16.42
"2,018",10,D,GASTOS DE INVERSIÓN,"516,073,547,800.00","435,172,068,178.00","289,183,339,851.00",84.32,56.04
"2,018",6,Y,DISPONIBILIDAD FINAL,"20,934,452,200.00","-136,278,332,488.00","83,101,827,001.00",-650.98,396.96
"2,018",10,B,GASTOS DE OPERACIÓN COMERCIAL,"34,567,000,000.00","25,777,760,164.00","15,064,406,162.00",74.57,43.58
"2,018",5,D,GASTOS DE INVERSIÓN,"516,073,547,800.00","244,301,601,615.00","123,644,105,026.00",47.34,23.96
"2,018",4,B,GASTOS DE OPERACIÓN COMERCIAL,"34,567,000,000.00","19,512,705,485.00","3,719,076,998.00",56.45,10.76
"2,018",8,A,GASTO DE FUNCIONAMIENTO,"121,702,000,000.00","80,067,550,007.00","66,639,685,326.00",65.79,54.76
"2,018",9,D,GASTOS DE INVERSIÓN,"516,073,547,800.00","405,017,750,162.00","261,391,195,008.00",78.48,50.65
"2,018",4,D,GASTOS DE INVERSIÓN,"516,073,547,800.00","226,009,656,408.00","80,766,998,877.00",43.79,15.65
"2,018",11,Y,DISPONIBILIDAD FINAL,"20,934,452,200.00","-10,776,394,618.00","155,046,679,001.00",-51.48,740.63
"2,018",8,Y,DISPONIBILIDAD FINAL,"20,934,452,200.00","-66,371,965,601.00","127,064,712,633.00",-317.05,606.96
"2,018",6,A,GASTO DE FUNCIONAMIENTO,"121,702,000,000.00","67,162,854,085.00","54,871,832,153.00",55.19,45.09
"2,018",6,B,GASTOS DE OPERACIÓN COMERCIAL,"34,567,000,000.00","24,754,049,946.00","7,599,522,237.00",71.61,21.98
"2,018",11,B,GASTOS DE OPERACIÓN COMERCIAL,"34,567,000,000.00","26,072,673,355.00","16,883,352,543.00",75.43,48.84
"2,018",7,B,GASTOS DE OPERACIÓN COMERCIAL,"34,567,000,000.00","24,830,209,946.00","9,448,006,169.00",71.83,27.33
"2,018",8,D,GASTOS DE INVERSIÓN,"516,073,547,800.00","383,787,891,005.00","217,083,624,192.00",74.37,42.06
"2,018",4,A,GASTO DE FUNCIONAMIENTO,"121,702,000,000.00","46,024,230,248.00","33,775,998,630.00",37.82,27.75
"2,018",7,Y,DISPONIBILIDAD FINAL,"20,934,452,200.00","-114,891,844,550.00","110,848,929,419.00",-548.82,529.5
"2,018",11,D,GASTOS DE INVERSIÓN,"516,073,547,800.00","466,312,799,137.00","324,209,220,678.00",90.36,62.82
"2,018",4,Y,DISPONIBILIDAD FINAL,"20,934,452,200.00","-69,229,809,764.00","104,054,707,872.00",-330.7,497.05
"2,018",6,D,GASTOS DE INVERSIÓN,"516,073,547,800.00","351,078,934,576.00","161,144,324,728.00",68.03,31.23
"2,018",5,A,GASTO DE FUNCIONAMIENTO,"121,702,000,000.00","54,416,232,864.00","40,847,177,211.00",44.71,33.56
"2,018",9,B,GASTOS DE OPERACIÓN COMERCIAL,"34,567,000,000.00","25,408,842,200.00","13,146,969,871.00",73.51,38.03
"2,018",11,A,GASTO DE FUNCIONAMIENTO,"128,702,000,000.00","102,287,953,177.00","87,757,778,829.00",79.48,68.19
"2,018",10,A,GASTO DE FUNCIONAMIENTO,"121,702,000,000.00","93,596,916,386.00","77,896,892,606.00",76.91,64.01
"2,018",10,Y,DISPONIBILIDAD FINAL,"20,934,452,200.00","-29,598,827,160.00","142,803,278,949.00",-141.39,682.14
"2,018",8,B,GASTOS DE OPERACIÓN COMERCIAL,"34,567,000,000.00","24,830,985,982.00","11,526,439,242.00",71.83,33.35
"2,018",9,Y,DISPONIBILIDAD FINAL,"20,934,452,200.00","-44,675,294,993.00","124,620,070,282.00",-213.41,595.29
"2,018",9,A,GASTO DE FUNCIONAMIENTO,"121,702,000,000.00","87,077,559,185.00","73,670,621,393.00",71.55,60.53
"2,018",5,Y,DISPONIBILIDAD FINAL,"20,934,452,200.00","-55,529,064,191.00","88,034,450,747.00",-265.25,420.52
"2,018",7,D,GASTOS DE INVERSIÓN,"516,073,547,800.00","372,670,189,135.00","175,618,950,210.00",72.21,34.03
"2,018",7,A,GASTO DE FUNCIONAMIENTO,"121,702,000,000.00","74,136,716,917.00","60,829,385,650.00",60.92,49.98
"2,018",12,A,GASTO DE FUNCIONAMIENTO,"128,702,000,000.00","113,188,328,636.00","110,717,964,644.00",87.95,86.03
"2,018",12,B,GASTOS DE OPERACIÓN COMERCIAL,"34,567,000,000.00","27,782,352,237.00","22,188,797,687.00",80.37,64.19
"2,018",12,D,GASTOS DE INVERSIÓN,"516,073,547,800.00","475,426,810,996.00","422,433,279,099.00",92.12,81.86
"2,018",12,Y,DISPONIBILIDAD FINAL,"13,934,452,200.00","32,708,712,562.00","93,766,163,001.00",234.73,672.91
"2,019",1,A,GASTO DE FUNCIONAMIENTO,"145,130,000,000.00","16,411,376,296.00","4,826,017,699.00",11.31,3.33
"2,019",1,B,GASTOS DE OPERACIÓN COMERCIAL,"33,824,000,000.00","16,334,342,843.00",0.00,48.29,0
"2,019",1,D,GASTOS DE INVERSIÓN,"520,155,000,000.00","131,867,151,515.00","2,595,235,832.00",25.35,0.5
"2,019",1,Y,DISPONIBILIDAD FINAL,"60,891,000,000.00","30,204,182,452.00","187,395,799,575.00",49.6,307.76
"2,019",2,A,GASTO DE FUNCIONAMIENTO,"145,130,000,000.00","26,994,437,804.00","15,853,563,959.00",18.6,10.92
"2,019",2,B,GASTOS DE OPERACIÓN COMERCIAL,"33,824,000,000.00","16,448,342,843.00","345,508,483.00",48.63,1.02
"2,019",2,D,GASTOS DE INVERSIÓN,"520,155,000,000.00","172,595,556,288.00","32,683,198,176.00",33.18,6.28
"2,019",2,Y,DISPONIBILIDAD FINAL,"60,891,000,000.00","25,251,548,251.00","192,407,614,568.00",41.47,315.99
"2,019",3,A,GASTO DE FUNCIONAMIENTO,"145,130,000,000.00","34,579,267,652.00","23,673,014,464.00",23.83,16.31
"2,019",3,B,GASTOS DE OPERACIÓN COMERCIAL,"33,824,000,000.00","16,623,955,036.00","1,389,396,926.00",49.15,4.11
"2,019",3,D,GASTOS DE INVERSIÓN,"520,155,000,000.00","232,042,997,768.00","84,106,012,561.00",44.61,16.17
"2,019",3,Y,DISPONIBILIDAD FINAL,"60,891,000,000.00","2,983,238,574.00","177,061,035,079.00",4.9,290.78
"2,019",4,A,GASTO DE FUNCIONAMIENTO,"145,130,000,000.00","54,962,930,016.00","45,324,109,460.00",37.87,31.23
"2,019",4,B,GASTOS DE OPERACIÓN COMERCIAL,"33,824,000,000.00","16,850,281,839.00","2,988,480,518.00",49.82,8.84
"2,019",4,D,GASTOS DE INVERSIÓN,"520,155,000,000.00","259,230,092,949.00","100,033,750,460.00",49.84,19.23
"2,019",4,Y,DISPONIBILIDAD FINAL,"60,891,000,000.00","2,868,132,106.00","185,565,096,472.00",4.71,304.75
"2,019",5,A,GASTO DE FUNCIONAMIENTO,"145,130,000,000.00","63,124,043,576.00","51,400,097,369.00",43.49,35.42
"2,019",5,B,GASTOS DE OPERACIÓN COMERCIAL,"33,824,000,000.00","18,652,131,037.00","4,858,766,774.00",55.14,14.36
"2,019",5,D,GASTOS DE INVERSIÓN,"520,155,000,000.00","325,086,195,716.00","140,288,109,308.00",62.5,26.97
"2,019",5,Y,DISPONIBILIDAD FINAL,"60,891,000,000.00","-19,987,142,947.00","190,328,253,931.00",-32.82,312.57
"2,019",6,A,GASTO DE FUNCIONAMIENTO,"145,130,000,000.00","88,757,329,803.00","75,065,123,933.00",61.16,51.72
"2,019",6,B,GASTOS DE OPERACIÓN COMERCIAL,"33,824,000,000.00","29,468,641,065.00","5,135,207,086.00",87.12,15.18
"2,019",6,D,GASTOS DE INVERSIÓN,"520,155,000,000.00","334,834,599,984.00","205,353,864,682.00",64.37,39.48
"2,019",6,Y,DISPONIBILIDAD FINAL,"60,891,000,000.00","-7,482,149,955.00","160,024,225,196.00",-12.29,262.8
"2,019",7,A,GASTO DE FUNCIONAMIENTO,"155,130,000,000.00","98,592,177,922.00","85,527,352,115.00",63.55,55.13
"2,019",7,B,GASTOS DE OPERACIÓN COMERCIAL,"33,824,000,000.00","29,647,199,667.00","6,890,580,531.00",87.65,20.37
"2,019",7,D,GASTOS DE INVERSIÓN,"520,155,000,000.00","428,047,345,628.00","239,366,003,494.00",82.29,46.02
"2,019",7,Y,DISPONIBILIDAD FINAL,"50,891,000,000.00","-62,647,801,061.00","161,854,986,016.00",-123.1,318.04
"2,019",8,A,GASTO DE FUNCIONAMIENTO,"157,730,000,000.00","103,570,386,365.00","91,858,111,905.00",65.66,58.24
"2,019",8,B,GASTOS DE OPERACIÓN COMERCIAL,"36,824,000,000.00","29,654,962,707.00","10,436,282,298.00",80.53,28.34
"2,019",8,D,GASTOS DE INVERSIÓN,"572,155,000,000.00","433,316,684,323.00","266,773,623,449.00",75.73,46.63
"2,019",8,Y,DISPONIBILIDAD FINAL,"55,191,000,000.00","1,341,777,707.00","198,815,793,450.00",2.43,360.23
"2,019",9,A,GASTO DE FUNCIONAMIENTO,"157,730,000,000.00","110,412,527,745.00","99,674,662,385.00",70,63.19
"2,019",9,B,GASTOS DE OPERACIÓN COMERCIAL,"36,824,000,000.00","29,776,742,905.00","12,336,933,220.00",80.86,33.5
"2,019",9,D,GASTOS DE INVERSIÓN,"572,155,000,000.00","497,479,614,751.00","298,157,477,095.00",86.95,52.11
"2,019",9,Y,DISPONIBILIDAD FINAL,"55,191,000,000.00","-22,659,867,566.00","204,839,945,135.00",-41.06,371.15
"2,019",10,A,GASTO DE FUNCIONAMIENTO,"157,730,000,000.00","119,489,583,023.00","109,354,901,857.00",75.76,69.33
"2,019",10,B,GASTOS DE OPERACIÓN COMERCIAL,"36,824,000,000.00","29,818,201,349.00","14,571,161,875.00",80.97,39.57
"2,019",10,D,GASTOS DE INVERSIÓN,"572,155,000,000.00","505,259,474,186.00","339,907,182,981.00",88.31,59.41
"2,019",10,Y,DISPONIBILIDAD FINAL,"55,191,000,000.00","48,556,316,014.00","239,290,327,859.00",87.98,433.57
"2,019",11,A,GASTO DE FUNCIONAMIENTO,"157,730,000,000.00","127,507,771,744.00","116,652,588,864.00",80.84,73.96
"2,019",11,B,GASTOS DE OPERACIÓN COMERCIAL,"34,324,000,000.00","27,439,806,119.00","14,964,280,028.00",79.94,43.6
"2,019",11,D,GASTOS DE INVERSIÓN,"599,655,000,000.00","542,338,327,515.00","369,567,510,628.00",90.44,61.63
"2,019",11,Y,DISPONIBILIDAD FINAL,"30,191,000,000.00","48,806,269,410.00","244,907,795,268.00",161.66,811.19
"2,019",12,A,GASTO DE FUNCIONAMIENTO,"157,730,000,000.00","143,718,889,590.00","138,084,769,705.00",91.12,87.55
"2,019",12,B,GASTOS DE OPERACIÓN COMERCIAL,"34,324,000,000.00","30,028,919,858.00","24,076,905,227.00",87.49,70.15
"2,019",12,D,GASTOS DE INVERSIÓN,"599,655,000,000.00","573,098,356,450.00","470,069,614,503.00",95.57,78.39
"2,019",12,Y,DISPONIBILIDAD FINAL,"30,191,000,000.00","91,033,033,257.00","205,647,909,720.00",301.52,681.16
"2,020",1,A,GASTOS DE FUNCIONAMIENTO,"221,293,000,000.00","20,576,292,478.00","5,970,789,980.00",9.3,2.7
"2,020",1,B,GASTOS DE OPERACIÓN COMERCIAL,"37,840,000,000.00","17,514,398,221.00",0.00,46.29,0
"2,020",1,D,INVERSIÓN,"679,140,000,000.00","191,171,049,531.00","13,386,459,192.00",28.15,1.97
"2,020",1,E,DISPONIBILIDAD FINAL,"16,557,000,000.00","35,360,747,731.00","245,265,238,789.00",213.57,"1,481.34"
"2,020",2,A,GASTOS DE FUNCIONAMIENTO,"221,293,000,000.00","84,543,371,115.00","67,440,193,532.00",38.2,30.48
"2,020",2,B,GASTOS DE OPERACIÓN COMERCIAL,"37,840,000,000.00","17,504,743,465.00","335,577,894.00",46.26,0.89
"2,020",2,D,INVERSIÓN,"679,140,000,000.00","303,039,818,807.00","36,430,691,198.00",44.62,5.36
"2,020",2,E,DISPONIBILIDAD FINAL,"16,557,000,000.00","-98,573,232,408.00","202,308,238,355.00",-595.36,"1,221.89"
"2,020",3,A,GASTOS DE FUNCIONAMIENTO,"221,293,000,000.00","91,289,413,596.00","75,298,946,314.00",41.25,34.03
"2,020",3,B,GASTOS DE OPERACIÓN COMERCIAL,"37,840,000,000.00","17,504,743,465.00","2,261,881,170.00",46.26,5.98
"2,020",3,D,INVERSIÓN,"679,140,000,000.00","351,322,443,491.00","59,112,200,881.00",51.73,8.7
"2,020",3,E,DISPONIBILIDAD FINAL,"16,557,000,000.00","-121,981,603,269.00","201,461,968,918.00",-736.74,"1,216.78"
"2,020",4,A,GASTOS DE FUNCIONAMIENTO,"221,293,000,000.00","112,095,212,166.00","99,383,525,202.00",50.65,44.91
"2,020",4,B,GASTOS DE OPERACIÓN COMERCIAL,"37,840,000,000.00","17,540,443,465.00","4,100,024,972.00",46.35,10.84
"2,020",4,D,INVERSIÓN,"679,140,000,000.00","387,804,098,799.00","101,442,733,543.00",57.1,14.94
"2,020",4,E,DISPONIBILIDAD FINAL,"16,557,000,000.00","-128,754,249,012.00","183,759,221,701.00",-777.64,"1,109.86"
"2,020",5,A,GASTOS DE FUNCIONAMIENTO,"221,293,000,000.00","118,540,487,442.00","105,565,724,266.00",53.57,47.7
"2,020",5,B,GASTOS DE OPERACIÓN COMERCIAL,"37,840,000,000.00","17,769,395,876.00","6,801,590,970.00",46.96,17.97
"2,020",5,D,INVERSIÓN,"679,140,000,000.00","412,413,227,775.00","145,135,403,538.00",60.73,21.37
"2,020",5,E,DISPONIBILIDAD FINAL,"16,557,000,000.00","-123,513,664,806.00","167,706,727,513.00",-745.99,"1,012.91"
"2,020",6,A,GASTOS DE FUNCIONAMIENTO,"221,293,000,000.00","134,553,996,241.00","121,155,177,875.00",60.8,54.75
"2,020",6,B,GASTOS DE OPERACIÓN COMERCIAL,"37,840,000,000.00","26,277,952,888.00","8,834,704,132.00",69.44,23.35
"2,020",6,D,INVERSIÓN,"679,140,000,000.00","525,495,372,462.00","162,514,295,988.00",77.38,23.93
"2,020",6,E,DISPONIBILIDAD FINAL,"16,557,000,000.00","-233,056,913,377.00","160,766,230,219.00","-1,407.6",970.99
"2,020",7,A,GASTOS DE FUNCIONAMIENTO,"221,293,000,000.00","141,571,102,769.00","127,261,882,436.00",63.97,57.51
"2,020",7,B,GASTOS DE OPERACIÓN COMERCIAL,"37,840,000,000.00","26,570,550,356.00","11,217,790,342.00",70.22,29.65
"2,020",7,D,INVERSIÓN,"679,140,000,000.00","542,720,080,738.00","209,417,535,151.00",79.91,30.84
"2,020",7,E,DISPONIBILIDAD FINAL,"16,557,000,000.00","-205,447,701,617.00","157,516,824,317.00","-1,240.85",951.36
"2,020",8,A,GASTOS DE FUNCIONAMIENTO,"221,293,000,000.00","148,063,970,585.00","132,532,643,106.00",66.91,59.89
"2,020",8,B,GASTOS DE OPERACIÓN COMERCIAL,"37,840,000,000.00","29,217,558,946.00","13,439,048,190.00",77.21,35.52
"2,020",8,D,INVERSIÓN,"679,140,000,000.00","556,681,195,453.00","235,524,277,363.00",81.97,34.68
"2,020",8,E,DISPONIBILIDAD FINAL,"16,557,000,000.00","-199,606,786,888.00","152,859,969,437.00","-1,205.57",923.23
"2,020",9,A,GASTOS DE FUNCIONAMIENTO,"221,293,000,000.00","154,286,414,788.00","140,451,953,485.00",69.72,63.47
"2,020",9,B,GASTOS DE OPERACIÓN COMERCIAL,"37,840,000,000.00","29,708,285,220.00","15,684,137,687.00",78.51,41.45
"2,020",9,D,INVERSIÓN,"679,140,000,000.00","572,025,808,626.00","274,787,690,059.00",84.23,40.46
"2,020",9,E,DISPONIBILIDAD FINAL,"16,557,000,000.00","-111,727,235,123.00","213,369,492,280.00",-674.8,"1,288.7"
"2,020",10,A,GASTOS DE FUNCIONAMIENTO,"221,293,000,000.00","160,212,692,035.00","147,616,070,507.00",72.4,66.71
"2,020",10,B,GASTOS DE OPERACIÓN COMERCIAL,"37,840,000,000.00","29,706,080,249.00","17,736,364,931.00",78.5,46.87
"2,020",10,D,INVERSIÓN,"679,140,000,000.00","585,349,402,564.00","306,625,215,901.00",86.19,45.15
"2,020",10,E,DISPONIBILIDAD FINAL,"16,557,000,000.00","-102,068,562,067.00","201,221,961,442.00",-616.47,"1,215.33"
"2,020",11,A,GASTOS DE FUNCIONAMIENTO,"221,293,000,000.00","175,493,197,669.00","163,111,315,230.00",79.3,73.71
"2,020",11,B,GASTOS DE OPERACIÓN COMERCIAL,"37,840,000,000.00","32,946,319,081.00","19,810,775,788.00",87.07,52.35
"2,020",11,D,INVERSIÓN,"679,140,000,000.00","597,066,774,884.00","334,839,949,153.00",87.92,49.3
"2,020",11,E,DISPONIBILIDAD FINAL,"16,557,000,000.00","-91,163,718,309.00","196,580,533,154.00",-550.61,"1,187.3"
"2,020",12,A,GASTOS DE FUNCIONAMIENTO,"221,293,000,000.00","188,668,817,116.00","181,446,954,251.00",85,82
"2,020",12,B,GASTOS DE OPERACIÓN COMERCIAL,"37,840,000,000.00","34,490,146,870.00","28,019,501,813.00",91,74
"2,020",12,D,INVERSIÓN,"679,140,000,000.00","621,140,341,160.00","387,080,257,640.00",91,57
"2,020",12,E,DISPONIBILIDAD FINAL,"16,557,000,000.00","-27,367,611,122.00","220,384,980,320.00",-165,"1,331"
"2,021",1,A,GASTOS DE FUNCIONAMIENTO,"215,135,000,000.00","66,058,918,345.00","5,613,589,420.00",30.71,2.61
"2,021",1,B,GASTOS DE OPERACIÓN COMERCIAL,"460,753,000,000.00","22,525,451,323.00","527,926,428.00",4.89,0.11
"2,021",1,D,INVERSIÓN,"295,284,300,000.00","251,371,375,001.00","2,013,305,402.00",85.13,0.68
"2,021",1,E,DISPONIBILIDAD FINAL,"11,210,700,000.00","-12,233,058,581.00","319,567,864,838.00",-109.12,"2,850.56"
"2,021",2,A,GASTOS DE FUNCIONAMIENTO,"215,135,000,000.00","76,701,451,644.00","56,595,532,128.00",35.65,26.31
"2,021",2,B,GASTOS DE OPERACIÓN COMERCIAL,"460,753,000,000.00","32,439,495,928.00","1,252,152,296.00",7.04,0.27
"2,021",2,D,INVERSIÓN,"295,284,300,000.00","251,356,325,000.00","18,608,895,670.00",85.12,6.3
"2,021",2,E,DISPONIBILIDAD FINAL,"11,210,700,000.00","1,665,866,690.00","285,706,559,168.00",14.86,"2,548.52"
"2,021",3,A,GASTOS DE FUNCIONAMIENTO,"215,135,000,000.00","82,729,700,067.00","67,982,058,045.00",38.45,31.6
"2,021",3,B,GASTOS DE OPERACIÓN COMERCIAL,"460,753,000,000.00","61,578,648,221.00","4,936,473,844.00",13.36,1.07
"2,021",3,D,INVERSIÓN,"295,284,300,000.00","251,441,622,143.00","54,351,559,767.00",85.15,18.41
"2,021",3,E,DISPONIBILIDAD FINAL,"11,210,700,000.00","-6,159,139,093.00","262,320,739,682.00",-54.94,"2,339.91"
"2,021",4,A,GASTOS DE FUNCIONAMIENTO,"215,135,000,000.00","101,476,671,978.00","82,391,169,811.00",47.17,38.3
"2,021",4,B,GASTOS DE OPERACIÓN COMERCIAL,"382,520,600,000.00","65,849,471,745.00","10,271,219,049.00",17.21,2.69
"2,021",4,D,INVERSIÓN,"373,516,700,000.00","303,114,864,153.00","67,171,176,909.00",81.15,17.98
"2,021",4,E,DISPONIBILIDAD FINAL,"11,210,700,000.00","-23,958,687,880.00","286,648,754,227.00",-213.71,"2,556.92"
"2,021",5,A,GASTOS DE FUNCIONAMIENTO,"215,135,000,000.00","107,035,114,678.00","89,282,200,635.00",49.75,41.5
"2,021",5,B,GASTOS DE OPERACIÓN COMERCIAL,"382,520,600,000.00","83,792,085,987.00","15,698,692,387.00",21.91,4.1
"2,021",5,D,INVERSIÓN,"373,516,700,000.00","303,578,418,575.00","97,275,485,354.00",81.28,26.04
"2,021",5,E,DISPONIBILIDAD FINAL,"11,210,700,000.00","-1,705,683,795.00","290,443,557,069.00",-15.21,"2,590.77"
"2,021",6,A,GASTOS DE FUNCIONAMIENTO,"215,135,000,000.00","123,769,198,684.00","106,137,727,641.00",57.53,49.34
"2,021",6,B,GASTOS DE OPERACIÓN COMERCIAL,"382,520,600,000.00","135,146,648,749.00","24,132,237,023.00",35.33,6.31
"2,021",6,D,INVERSIÓN,"373,516,700,000.00","304,083,672,342.00","130,026,211,965.00",81.41,34.81
"2,021",6,E,DISPONIBILIDAD FINAL,"11,210,700,000.00","-41,302,994,467.00","261,400,348,679.00",-368.42,"2,331.7"
"2,021",7,A,GASTOS DE FUNCIONAMIENTO,"215,135,000,000.00","133,213,044,313.00","116,596,358,277.00",61.92,54.2
"2,021",7,B,GASTOS DE OPERACIÓN COMERCIAL,"382,520,600,000.00","185,785,317,560.00","30,446,909,162.00",48.57,7.96
"2,021",7,D,INVERSIÓN,"373,516,700,000.00","304,115,987,117.00","151,975,071,389.00",81.42,40.69
"2,021",7,E,DISPONIBILIDAD FINAL,"11,210,700,000.00","-55,732,721,681.00","268,363,288,481.00",-497.14,"2,393.81"
"2,021",8,A,GASTOS DE FUNCIONAMIENTO,"215,135,000,000.00","142,474,940,940.00","122,952,226,388.00",66.23,57.15
"2,021",8,B,GASTOS DE OPERACIÓN COMERCIAL,"382,520,600,000.00","202,866,213,745.00","39,633,492,174.00",53.03,10.36
"2,021",8,D,INVERSIÓN,"373,516,700,000.00","305,006,652,226.00","168,866,569,481.00",81.66,45.21
"2,021",8,E,DISPONIBILIDAD FINAL,"11,210,700,000.00","-34,977,531,785.00","283,917,987,083.00",-312,"2,532.56"
"2,021",9,A,GASTOS DE FUNCIONAMIENTO,"215,135,000,000.00","151,549,503,799.00","132,075,525,284.00",70.44,61.39
"2,021",9,B,GASTOS DE OPERACIÓN COMERCIAL,"382,520,600,000.00","234,889,936,686.00","57,138,450,562.00",61.41,14.94
"2,021",9,D,INVERSIÓN,"373,516,700,000.00","305,246,058,602.00","189,272,725,106.00",81.72,50.67
"2,021",9,E,DISPONIBILIDAD FINAL,"11,210,700,000.00","-26,900,683,769.00","286,298,114,366.00",-239.96,"2,553.79"
"2,021",10,A,GASTOS DE FUNCIONAMIENTO,"215,135,000,000.00","159,342,147,193.00","141,471,648,910.00",74.07,65.76
"2,021",10,B,GASTOS DE OPERACIÓN COMERCIAL,"382,520,600,000.00","246,853,149,919.00","73,458,359,078.00",64.53,19.2
"2,021",10,D,INVERSIÓN,"373,516,700,000.00","301,673,341,967.00","202,050,258,656.00",80.77,54.09
"2,021",10,E,DISPONIBILIDAD FINAL,"11,210,700,000.00","19,894,429,961.00","310,782,802,396.00",177.46,"2,772.2"
"2,021",11,A,GASTOS DE FUNCIONAMIENTO,"215,135,000,000.00","168,978,254,406.00","150,969,367,989.00",78.55,70.17
"2,021",11,B,GASTOS DE OPERACIÓN COMERCIAL,"382,520,600,000.00","260,045,625,351.00","94,132,168,954.00",67.98,24.61
"2,021",11,D,INVERSIÓN,"373,516,700,000.00","307,848,125,213.00","209,668,398,078.00",82.42,56.13
"2,021",11,E,DISPONIBILIDAD FINAL,"11,210,700,000.00","26,119,866,080.00","308,221,936,029.00",232.99,"2,749.35"
"2,021",12,A,GASTOS DE FUNCIONAMIENTO,"215,135,000,000.00","181,860,821,525.00","175,663,496,210.00",84.53,81.65
"2,021",12,B,GASTOS DE OPERACIÓN COMERCIAL,"382,520,600,000.00","301,476,757,195.00","172,275,063,859.00",78.81,45.04
"2,021",12,D,INVERSIÓN,"373,516,700,000.00","315,795,340,592.00","231,226,790,943.00",84.55,61.91
"2,021",12,E,DISPONIBILIDAD FINAL,"11,210,700,000.00","89,200,967,398.00","309,168,535,698.00",795.68,"2,757.8"
"2,022",1,A,GASTOS DE FUNCIONAMIENTO,"220,550,000,000.00","27,204,496,682.00","8,187,984,747.00",12.33,3.71
"2,022",1,B,GASTOS DE OPERACIÓN COMERCIAL,"511,623,000,000.00","257,026,418,426.00","9,999,225,832.00",50.24,1.95
"2,022",1,D,INVERSIÓN,"195,000,000,000.00","105,838,290,267.00","1,801,399,277.00",54.28,0.92
"2,022",1,E,DISPONIBILIDAD FINAL,0.00,"7,463,010,967.00","377,543,606,486.00",,
"2,022",2,A,GASTOS DE FUNCIONAMIENTO,"220,550,000,000.00","80,966,820,361.00","61,986,341,371.00",36.71,28.11
"2,022",2,B,GASTOS DE OPERACIÓN COMERCIAL,"511,623,000,000.00","305,915,210,825.00","39,906,563,284.00",59.79,7.8
"2,022",2,D,INVERSIÓN,"195,000,000,000.00","105,043,072,876.00","5,164,582,021.00",53.87,2.65
"2,022",2,E,DISPONIBILIDAD FINAL,0.00,"-57,383,713,921.00","327,483,903,465.00",,
"2,022",3,A,GASTOS DE FUNCIONAMIENTO,"220,550,000,000.00","88,892,301,076.00","71,794,869,647.00",40.3,32.55
"2,022",3,B,GASTOS DE OPERACIÓN COMERCIAL,"511,623,000,000.00","307,942,622,987.00","106,422,050,132.00",60.19,20.8
"2,022",3,D,INVERSIÓN,"195,000,000,000.00","104,372,072,895.00","21,368,295,349.00",53.52,10.96
"2,022",3,E,DISPONIBILIDAD FINAL,0.00,"-5,852,539,231.00","295,769,242,599.00",,
"2,022",4,A,GASTOS DE FUNCIONAMIENTO,"220,550,000,000.00","111,130,214,554.00","93,539,324,165.00",50.39,42.41
"2,022",4,B,GASTOS DE OPERACIÓN COMERCIAL,"511,623,000,000.00","380,035,992,586.00","127,578,435,135.00",74.28,24.94
"2,022",4,D,INVERSIÓN,"195,000,000,000.00","100,998,690,341.00","22,758,246,652.00",51.79,11.67
"2,022",4,E,DISPONIBILIDAD FINAL,0.00,"-45,032,627,986.00","303,256,263,543.00",,
"2,022",5,A,GASTOS DE FUNCIONAMIENTO,"258,693,000,000.00","119,123,822,832.00","103,322,893,202.00",46.05,39.94
"2,022",5,B,GASTOS DE OPERACIÓN COMERCIAL,"854,396,000,000.00","384,669,024,440.00","169,674,552,500.00",45.02,19.86
"2,022",5,D,INVERSIÓN,"195,000,000,000.00","92,219,880,189.00","24,115,801,396.00",47.29,12.37
"2,022",5,E,DISPONIBILIDAD FINAL,"43,286,000,000.00","2,014,514,232.00","300,913,994,595.00",4.65,695.18
"2,022",6,A,GASTOS DE FUNCIONAMIENTO,"258,693,000,000.00","142,398,220,512.00","126,735,665,171.00",55.05,48.99
"2,022",6,B,GASTOS DE OPERACIÓN COMERCIAL,"854,396,000,000.00","477,364,667,282.00","224,065,679,529.00",55.87,26.23
"2,022",6,D,INVERSIÓN,"195,000,000,000.00","91,797,475,360.00","26,482,027,089.00",47.08,13.58
"2,022",6,E,DISPONIBILIDAD FINAL,"43,286,000,000.00","-77,067,401,355.00","257,209,590,010.00",-178.04,594.21
"2,022",7,A,GASTOS DE FUNCIONAMIENTO,"258,693,000,000.00","151,988,258,554.00","135,128,644,471.00",58.75,52.24
"2,022",7,B,GASTOS DE OPERACIÓN COMERCIAL,"854,396,000,000.00","558,365,462,533.00","259,999,300,997.00",65.35,30.43
"2,022",7,D,INVERSIÓN,"195,000,000,000.00","93,929,900,045.00","33,397,438,384.00",48.17,17.13
"2,022",7,E,DISPONIBILIDAD FINAL,"43,286,000,000.00","-132,173,806,883.00","243,584,430,397.00",-305.35,562.73
"2,022",8,A,GASTOS DE FUNCIONAMIENTO,"258,693,000,000.00","162,570,747,597.00","147,337,218,304.00",62.84,56.95
"2,022",8,B,GASTOS DE OPERACIÓN COMERCIAL,"854,396,000,000.00","569,824,240,098.00","341,195,732,839.00",66.69,39.93
"2,022",8,D,INVERSIÓN,"195,000,000,000.00","96,819,813,389.00","32,822,946,674.00",49.65,16.83
"2,022",8,E,DISPONIBILIDAD FINAL,"43,286,000,000.00","-94,063,097,782.00","213,795,805,485.00",-217.31,493.91
"2,022",9,A,GASTOS DE FUNCIONAMIENTO,"258,693,000,000.00","172,047,180,310.00","159,000,397,649.00",66.51,61.46
"2,022",9,B,GASTOS DE OPERACIÓN COMERCIAL,"854,396,000,000.00","579,428,507,908.00","378,076,735,982.00",67.82,44.25
"2,022",9,D,INVERSIÓN,"195,000,000,000.00","99,490,713,698.00","35,712,236,777.00",51.02,18.31
"2,022",9,E,DISPONIBILIDAD FINAL,"43,286,000,000.00","28,492,053,327.00","306,669,084,835.00",65.82,708.47
"2,022",10,A,GASTOS DE FUNCIONAMIENTO,"258,693,000,000.00","184,396,615,265.00","168,585,292,283.00",71.28,65.17
"2,022",10,B,GASTOS DE OPERACIÓN COMERCIAL,"854,396,000,000.00","672,046,414,001.00","415,045,441,763.00",78.66,48.58
"2,022",10,D,INVERSIÓN,"195,000,000,000.00","108,175,914,612.00","39,922,372,806.00",55.47,20.47
"2,022",10,E,DISPONIBILIDAD FINAL,"43,286,000,000.00","-7,090,061,680.00","333,975,775,346.00",-16.38,771.56
"2,022",11,A,GASTOS DE FUNCIONAMIENTO,"258,693,000,000.00","198,034,368,639.00","179,403,503,350.00",76.55,69.35
"2,022",11,B,GASTOS DE OPERACIÓN COMERCIAL,"854,396,000,000.00","680,532,799,380.00","447,161,635,257.00",79.65,52.34
"2,022",11,D,INVERSIÓN,"195,000,000,000.00","113,738,659,490.00","47,222,910,386.00",58.33,24.22
"2,022",11,E,DISPONIBILIDAD FINAL,"43,286,000,000.00","41,033,530,937.00","359,551,309,453.00",94.8,830.64
"2,022",12,A,GASTOS DE FUNCIONAMIENTO,"258,693,000,000.00","216,964,487,272.00","211,602,970,044.00",83.87,81.8
"2,022",12,B,GASTOS DE OPERACIÓN COMERCIAL,"854,396,000,000.00","688,830,979,353.00","586,324,345,960.00",80.62,68.62
"2,022",12,D,INVERSIÓN,"195,000,000,000.00","113,108,610,559.00","69,339,941,270.00",58,35.56
"2,022",12,E,DISPONIBILIDAD FINAL,"43,286,000,000.00","105,644,167,820.00","257,280,987,730.00",244.06,594.37
"2,023",1,A1,GASTOS DE PERSONAL,"109,596,600,000.00","6,982,652,437.00","4,221,682,914.00",6.37,3.85
"2,023",1,A2,ADQUISICIÓN DE BIENES Y SERVICIOS,"49,980,200,000.00","11,106,027,923.00","233,003,571.00",22.22,0.47
"2,023",1,A3,TRANSFERENCIAS CORRIENTES,"67,368,700,000.00","315,752,923.00","315,752,923.00",0.47,0.47
"2,023",1,A7,DISMINUCIÓN DE PASIVOS,"7,000,000,000.00","2,363,227,521.00","2,241,631.00",33.76,0.03
"2,023",1,A8,"GASTOS POR TRIBUTOS , MULTAS, SANCIONES E INTERESES DE MORA","124,562,400,000.00","9,064,578,234.00","4,969,106,198.00",7.28,3.99
"2,023",1,B,GASTOS DE OPERACIÓN COMERCIAL,"1,015,541,100,000.00","249,707,901,114.00","1,664,886,292.00",24.59,0.16
"2,023",1,D,INVERSIÓN,"144,791,700,000.00","46,405,214,319.00",0.00,32.05,0
"2,023",1,E,DISPONIBILIDAD FINAL,"6,027,400,000.00","-15,876,763,161.00","298,661,917,781.00",-263.41,"4,955.07"
"2,023",2,A1,GASTOS DE PERSONAL,"109,596,600,000.00","9,557,083,174.00","9,419,856,989.00",8.72,8.6
"2,023",2,A2,ADQUISICIÓN DE BIENES Y SERVICIOS,"49,980,200,000.00","11,293,891,548.00","1,110,628,674.00",22.6,2.22
"2,023",2,A3,TRANSFERENCIAS CORRIENTES,"67,368,700,000.00","40,650,371,772.00","40,650,371,772.00",60.34,60.34
"2,023",2,A7,DISMINUCIÓN DE PASIVOS,"7,000,000,000.00","2,495,121,826.00","2,495,121,826.00",35.64,35.64
"2,023",2,A8,"GASTOS POR TRIBUTOS , MULTAS, SANCIONES E INTERESES DE MORA","124,562,400,000.00","17,142,753,305.00","13,222,077,797.00",13.76,10.61
"2,023",2,B,GASTOS DE OPERACIÓN COMERCIAL,"1,015,541,100,000.00","298,879,401,238.00","26,461,686,424.00",29.43,2.61
"2,023",2,D,INVERSIÓN,"144,791,700,000.00","46,418,692,319.00","2,980,843,609.00",32.06,2.06
"2,023",2,E,DISPONIBILIDAD FINAL,"6,027,400,000.00","-37,379,969,946.00","292,716,758,145.00",-620.17,"4,856.43"
"2,023",3,A1,GASTOS DE PERSONAL,"109,596,600,000.00","20,737,886,601.00","15,389,707,637.00",18.92,14.04
"2,023",3,A2,ADQUISICIÓN DE BIENES Y SERVICIOS,"49,980,200,000.00","21,021,896,993.00","2,856,268,867.00",42.06,5.71
"2,023",3,A3,TRANSFERENCIAS CORRIENTES,"67,368,700,000.00","41,842,238,018.00","41,011,259,192.00",62.11,60.88
"2,023",3,A7,DISMINUCIÓN DE PASIVOS,"7,000,000,000.00","2,521,471,826.00","2,511,471,826.00",36.02,35.88
"2,023",3,A8,"GASTOS POR TRIBUTOS , MULTAS, SANCIONES E INTERESES DE MORA","124,562,400,000.00","22,153,001,365.00","17,667,693,757.00",17.78,14.18
"2,023",3,B,GASTOS DE OPERACIÓN COMERCIAL,"1,015,541,100,000.00","386,602,180,540.00","77,356,054,720.00",38.07,7.62
"2,023",3,D,INVERSIÓN,"144,791,700,000.00","46,418,692,319.00","5,518,322,179.00",32.06,3.81
"2,023",3,E,DISPONIBILIDAD FINAL,"6,027,400,000.00","-96,015,486,051.00","282,971,103,433.00","-1,592.98","4,694.75"
"2,023",4,A1,GASTOS DE PERSONAL,"109,596,600,000.00","25,506,235,434.00","21,251,317,114.00",23.27,19.39
"2,023",4,A2,ADQUISICIÓN DE BIENES Y SERVICIOS,"49,980,200,000.00","24,903,474,663.00","5,170,935,934.00",49.83,10.35
"2,023",4,A3,TRANSFERENCIAS CORRIENTES,"67,368,700,000.00","42,846,487,546.00","42,825,314,720.00",63.6,63.57
"2,023",4,A7,DISMINUCIÓN DE PASIVOS,"7,000,000,000.00","2,583,355,942.00","2,572,881,234.00",36.91,36.76
"2,023",4,A8,"GASTOS POR TRIBUTOS , MULTAS, SANCIONES E INTERESES DE MORA","124,562,400,000.00","35,866,036,161.00","31,982,874,639.00",28.79,25.68
"2,023",4,B,GASTOS DE OPERACIÓN COMERCIAL,"1,015,541,100,000.00","429,089,253,249.00","105,981,704,481.00",42.25,10.44
"2,023",4,D,INVERSIÓN,"144,791,700,000.00","46,373,577,472.00","6,771,606,883.00",32.03,4.68
"2,023",4,E,DISPONIBILIDAD FINAL,"6,027,400,000.00","-72,230,909,100.00","318,380,876,362.00","-1,198.38","5,282.23"
"2,023",5,A1,GASTOS DE PERSONAL,"109,596,600,000.00","30,678,076,889.00","26,823,287,146.00",27.99,24.47
"2,023",5,A2,ADQUISICIÓN DE BIENES Y SERVICIOS,"49,980,200,000.00","31,244,765,538.00","10,232,326,303.00",62.51,20.47
"2,023",5,A3,TRANSFERENCIAS CORRIENTES,"67,368,700,000.00","43,490,043,713.00","43,490,036,887.00",64.56,64.56
"2,023",5,A7,DISMINUCIÓN DE PASIVOS,"7,000,000,000.00","2,650,831,881.00","2,650,831,881.00",37.87,37.87
"2,023",5,A8,"GASTOS POR TRIBUTOS , MULTAS, SANCIONES E INTERESES DE MORA","124,562,400,000.00","38,975,604,650.00","35,120,018,289.00",31.29,28.19
"2,023",5,B,GASTOS DE OPERACIÓN COMERCIAL,"1,015,541,100,000.00","574,252,575,434.00","164,108,311,316.00",56.55,16.16
"2,023",5,D,INVERSIÓN,"144,791,700,000.00","46,375,479,159.00","10,672,454,354.00",32.03,7.37
"2,023",5,E,DISPONIBILIDAD FINAL,"6,027,400,000.00","-186,577,543,000.00","287,992,568,088.00","-3,095.49","4,778.06"
"2,023",6,A1,GASTOS DE PERSONAL,"109,596,600,000.00","42,583,156,849.00","38,520,211,572.00",38.85,35.15
"2,023",6,A2,ADQUISICIÓN DE BIENES Y SERVICIOS,"49,980,200,000.00","32,802,946,253.00","15,370,075,737.00",65.63,30.75
"2,023",6,A3,TRANSFERENCIAS CORRIENTES,"67,368,700,000.00","44,160,171,234.00","44,146,675,306.00",65.55,65.53
"2,023",6,A7,DISMINUCIÓN DE PASIVOS,"7,000,000,000.00","2,695,109,476.00","2,695,109,476.00",38.5,38.5
"2,023",6,A8,"GASTOS POR TRIBUTOS , MULTAS, SANCIONES E INTERESES DE MORA","124,562,400,000.00","52,759,552,256.00","48,428,050,383.00",42.36,38.88
"2,023",6,B,GASTOS DE OPERACIÓN COMERCIAL,"1,015,541,100,000.00","555,604,142,775.00","215,532,424,397.00",54.71,21.22
"2,023",6,D,INVERSIÓN,"144,791,700,000.00","46,375,479,159.00","19,914,151,436.00",32.03,13.75
"2,023",6,E,DISPONIBILIDAD FINAL,"6,027,400,000.00","-88,226,120,277.00","304,147,739,418.00","-1,463.75","5,046.09"
"2,023",7,A1,GASTOS DE PERSONAL,"109,596,600,000.00","50,447,119,638.00","46,468,873,647.00",46.03,42.4
"2,023",7,A2,ADQUISICIÓN DE BIENES Y SERVICIOS,"49,980,200,000.00","35,301,793,130.00","18,586,440,617.00",70.63,37.19
"2,023",7,A3,TRANSFERENCIAS CORRIENTES,"67,368,700,000.00","44,479,673,202.00","44,466,177,274.00",66.02,66
"2,023",7,A7,DISMINUCIÓN DE PASIVOS,"7,000,000,000.00","2,855,522,131.00","2,855,522,131.00",40.79,40.79
"2,023",7,A8,"GASTOS POR TRIBUTOS , MULTAS, SANCIONES E INTERESES DE MORA","124,562,400,000.00","57,150,593,646.00","52,800,831,763.00",45.88,42.39
"2,023",7,B,GASTOS DE OPERACIÓN COMERCIAL,"1,015,541,100,000.00","672,701,525,633.00","273,252,360,198.00",66.24,26.91
"2,023",7,D,INVERSIÓN,"144,791,700,000.00","49,438,647,129.00","22,636,606,807.00",34.14,15.63
"2,023",7,E,DISPONIBILIDAD FINAL,"6,027,400,000.00","-158,597,471,347.00","292,710,590,725.00","-2,631.28","4,856.33"
"2,023",8,A1,GASTOS DE PERSONAL,"109,596,600,000.00","56,319,911,932.00","52,407,463,006.00",51.39,47.82
"2,023",8,A2,ADQUISICIÓN DE BIENES Y SERVICIOS,"54,067,300,000.00","37,890,306,797.00","21,509,401,113.00",70.08,39.78
"2,023",8,A3,TRANSFERENCIAS CORRIENTES,"67,368,700,000.00","45,628,378,156.00","45,628,364,550.00",67.73,67.73
"2,023",8,A7,DISMINUCIÓN DE PASIVOS,"7,000,000,000.00","2,972,662,366.00","2,972,662,366.00",42.47,42.47
"2,023",8,A8,"GASTOS POR TRIBUTOS , MULTAS, SANCIONES E INTERESES DE MORA","124,562,400,000.00","60,968,874,289.00","56,187,769,252.00",48.95,45.11
"2,023",8,B,GASTOS DE OPERACIÓN COMERCIAL,"1,028,054,000,000.00","693,020,224,630.00","302,573,448,532.00",67.41,29.43
"2,023",8,D,INVERSIÓN,"128,191,700,000.00","51,054,534,761.00","26,061,091,025.00",39.83,20.33
"2,023",8,E,DISPONIBILIDAD FINAL,"6,027,400,000.00","-121,313,917,462.00","319,200,775,625.00","-2,012.71","5,295.83"
"2,023",9,A1,GASTOS DE PERSONAL,"109,596,600,000.00","63,908,822,040.00","60,081,782,631.00",58.31,54.82
"2,023",9,A2,ADQUISICIÓN DE BIENES Y SERVICIOS,"54,067,300,000.00","39,135,006,092.00","23,750,465,763.00",72.38,43.93
"2,023",9,A3,TRANSFERENCIAS CORRIENTES,"67,368,700,000.00","46,346,058,904.00","46,339,304,137.00",68.79,68.78
"2,023",9,A7,DISMINUCIÓN DE PASIVOS,"7,000,000,000.00","3,220,563,831.00","3,071,563,230.00",46.01,43.88
"2,023",9,A8,"GASTOS POR TRIBUTOS , MULTAS, SANCIONES E INTERESES DE MORA","124,562,400,000.00","64,489,918,034.00","59,764,389,339.00",51.77,47.98
"2,023",9,B,GASTOS DE OPERACIÓN COMERCIAL,"1,028,054,000,000.00","764,298,568,907.00","352,908,519,496.00",74.34,34.33
"2,023",9,D,INVERSIÓN,"128,191,700,000.00","68,235,306,299.00","27,357,615,299.00",53.23,21.34
"2,023",9,E,DISPONIBILIDAD FINAL,"6,027,400,000.00","-162,756,524,043.00","313,604,080,169.00","-2,700.28","5,202.97"
"2,023",10,A1,GASTOS DE PERSONAL,"110,143,932,641.00","71,120,409,504.00","67,299,966,169.00",64.57,61.1
"2,023",10,A2,ADQUISICIÓN DE BIENES Y SERVICIOS,"53,519,967,359.00","39,951,074,043.00","25,678,329,083.00",74.65,47.98
"2,023",10,A3,TRANSFERENCIAS CORRIENTES,"67,368,700,000.00","46,684,719,767.00","46,671,223,843.00",69.3,69.28
"2,023",10,A7,DISMINUCIÓN DE PASIVOS,"7,000,000,000.00","3,679,051,251.00","3,679,051,251.00",52.56,52.56
"2,023",10,A8,"GASTOS POR TRIBUTOS , MULTAS, SANCIONES E INTERESES DE MORA","124,562,400,000.00","69,109,629,313.00","63,149,516,977.00",55.48,50.7
"2,023",10,B,GASTOS DE OPERACIÓN COMERCIAL,"1,028,054,000,000.00","780,636,933,497.00","380,255,656,149.00",75.93,36.99
"2,023",10,D,INVERSIÓN,"128,191,700,000.00","74,109,996,622.00","31,363,176,947.00",57.81,24.47
"2,023",10,E,DISPONIBILIDAD FINAL,"6,027,400,000.00","-89,992,498,788.00","377,202,394,790.00","-1,493.06","6,258.13"
"2,023",11,A1,GASTOS DE PERSONAL,"110,143,932,641.00","77,377,236,354.00","73,557,577,084.00",70.25,66.78
"2,023",11,A2,ADQUISICIÓN DE BIENES Y SERVICIOS,"53,519,967,359.00","42,416,124,612.00","29,699,466,296.00",79.25,55.49
"2,023",11,A3,TRANSFERENCIAS CORRIENTES,"67,368,700,000.00","48,161,900,368.00","48,161,886,762.00",71.49,71.49
"2,023",11,A7,DISMINUCIÓN DE PASIVOS,"7,000,000,000.00","3,679,650,330.00","3,679,650,330.00",52.57,52.57
"2,023",11,A8,"GASTOS POR TRIBUTOS , MULTAS, SANCIONES E INTERESES DE MORA","124,562,400,000.00","72,626,907,971.00","67,023,720,504.00",58.31,53.81
"2,023",11,B,GASTOS DE OPERACIÓN COMERCIAL,"1,028,054,000,000.00","793,529,208,777.00","461,474,001,130.00",77.19,44.89
"2,023",11,D,INVERSIÓN,"128,191,700,000.00","88,210,201,008.00","36,765,804,454.00",68.81,28.68
"2,023",11,E,DISPONIBILIDAD FINAL,"6,027,400,000.00","-36,991,817,876.00","368,647,304,984.00",-613.73,"6,116.19"
"2,023",12,A1,GASTOS DE PERSONAL,"110,133,932,641.00","93,748,513,469.00","91,642,678,328.00",85.12,83.21
"2,023",12,A2,ADQUISICIÓN DE BIENES Y SERVICIOS,"53,529,967,359.00","43,001,967,533.00","40,573,018,062.00",80.33,75.79
"2,023",12,A3,TRANSFERENCIAS CORRIENTES,"67,368,700,000.00","49,130,784,329.00","49,130,784,329.00",72.93,72.93
"2,023",12,A7,DISMINUCIÓN DE PASIVOS,"7,000,000,000.00","3,785,844,806.00","3,785,844,806.00",54.08,54.08
"2,023",12,A8,"GASTOS POR TRIBUTOS , MULTAS, SANCIONES E INTERESES DE MORA","124,562,400,000.00","80,096,187,386.00","79,784,091,586.00",64.3,64.05
"2,023",12,B,GASTOS DE OPERACIÓN COMERCIAL,"1,028,054,000,000.00","815,260,663,672.00","612,179,399,368.00",79.3,59.55
"2,023",12,D,INVERSIÓN,"128,191,700,000.00","93,536,892,405.00","62,431,711,666.00",72.97,48.7
"2,023",12,E,DISPONIBILIDAD FINAL,"6,027,400,000.00","89,840,753,886.00","328,874,079,341.00","1,490.54","5,456.32"
"2,024",1,A1,GASTOS DE PERSONAL,"128,990,000,000.00","8,741,458,635.00","5,453,140,261.00",7,4
"2,024",1,A2,ADQUISICIÓN DE BIENES Y SERVICIOS,"64,116,000,000.00","15,214,055,478.00","453,934,523.00",24,1
"2,024",1,A3,TRANSFERENCIAS CORRIENTES,"76,169,000,000.00","410,127,799.00","410,127,799.00",1,1
"2,024",1,A7,DISMINUCIÓN DE PASIVOS,"5,085,000,000.00","2,668,691,804.00","2,668,691,804.00",52,52
"2,024",1,A8,"GASTOS POR TRIBUTOS , MULTAS, SANCIONES E INTERESES DE MORA","100,342,000,000.00","6,664,639,680.00","6,009,176,880.00",7,6
"2,024",1,B,GASTOS DE OPERACIÓN COMERCIAL,"804,426,300,000.00","395,942,136,732.00","23,027,010,767.00",49,3
"2,024",1,D,INVERSIÓN,"112,596,200,000.00","47,191,025,740.00","1,059,832,413.00",42,1
"2,024",1,E,DISPONIBILIDAD FINAL,"10,000,000,000.00","-181,140,961,976.00","256,609,259,445.00","-1,811","2,566"
"2,024",2,A1,GASTOS DE PERSONAL,"128,990,000,000.00","14,520,751,471.00","11,480,564,592.00",11,9
"2,024",2,A2,ADQUISICIÓN DE BIENES Y SERVICIOS,"64,116,000,000.00","19,504,386,726.00","1,944,191,894.00",30,3
"2,024",2,A3,TRANSFERENCIAS CORRIENTES,"76,169,000,000.00","51,535,268,495.00","51,535,268,495.00",68,68
"2,024",2,A7,DISMINUCIÓN DE PASIVOS,"5,085,000,000.00","2,668,691,804.00","2,668,691,804.00",52,52
"2,024",2,A8,"GASTOS POR TRIBUTOS , MULTAS, SANCIONES E INTERESES DE MORA","100,342,000,000.00","21,013,398,862.00","12,875,408,288.00",21,13
"2,024",2,B,GASTOS DE OPERACIÓN COMERCIAL,"804,426,300,000.00","410,368,220,345.00","55,120,053,267.00",51,7
"2,024",2,D,INVERSIÓN,"112,596,200,000.00","47,264,883,685.00","1,950,448,109.00",42,2
"2,024",2,E,DISPONIBILIDAD FINAL,"10,000,000,000.00","-214,574,278,310.00","214,726,696,629.00","-2,146","2,147"
"2,024",3,A1,GASTOS DE PERSONAL,"128,990,000,000.00","21,335,648,483.00","18,586,742,106.00",17,14
"2,024",3,A2,ADQUISICIÓN DE BIENES Y SERVICIOS,"64,116,000,000.00","21,572,233,112.00","3,300,838,563.00",34,5
"2,024",3,A3,TRANSFERENCIAS CORRIENTES,"76,169,000,000.00","52,813,631,359.00","52,813,631,359.00",69,69
"2,024",3,A7,DISMINUCIÓN DE PASIVOS,"5,085,000,000.00","2,882,367,281.00","2,882,367,281.00",57,57
"2,024",3,A8,"GASTOS POR TRIBUTOS , MULTAS, SANCIONES E INTERESES DE MORA","100,342,000,000.00","22,961,573,408.00","15,798,243,807.00",23,16
"2,024",3,B,GASTOS DE OPERACIÓN COMERCIAL,"804,426,300,000.00","450,744,646,702.00","104,468,123,336.00",56,13
"2,024",3,D,INVERSIÓN,"112,596,200,000.00","47,264,883,685.00","3,329,390,419.00",42,3
"2,024",3,E,DISPONIBILIDAD FINAL,"10,000,000,000.00","-177,106,496,074.00","241,289,151,085.00","-1,771","2,413"
"2,024",4,A1,GASTOS DE PERSONAL,"128,990,000,000.00","29,935,070,868.00","27,664,013,096.00",23,21
"2,024",4,A2,ADQUISICIÓN DE BIENES Y SERVICIOS,"64,116,000,000.00","23,154,134,719.00","5,309,106,555.00",36,8
"2,024",4,A3,TRANSFERENCIAS CORRIENTES,"76,169,000,000.00","53,305,609,228.00","53,305,609,228.00",70,70
"2,024",4,A7,DISMINUCIÓN DE PASIVOS,"5,085,000,000.00","2,945,686,551.00","2,945,686,551.00",58,58
"2,024",4,A8,"GASTOS POR TRIBUTOS , MULTAS, SANCIONES E INTERESES DE MORA","100,342,000,000.00","51,534,318,383.00","45,127,381,788.00",51,45
"2,024",4,B,GASTOS DE OPERACIÓN COMERCIAL,"804,426,300,000.00","446,600,412,248.00","138,267,874,629.00",56,17
"2,024",4,D,INVERSIÓN,"112,596,200,000.00","48,702,218,577.00","5,783,215,090.00",43,5
"2,024",4,E,DISPONIBILIDAD FINAL,"10,000,000,000.00","-140,028,855,278.00","237,745,708,359.00","-1,400","2,377"
"2,024",5,A1,GASTOS DE PERSONAL,"128,990,000,000.00","37,418,601,490.00","35,434,454,063.00",29,27
"2,024",5,A2,ADQUISICIÓN DE BIENES Y SERVICIOS,"64,116,000,000.00","29,152,662,819.00","8,686,475,808.00",45,14
"2,024",5,A3,TRANSFERENCIAS CORRIENTES,"76,169,000,000.00","54,560,735,733.00","54,560,735,733.00",72,72
"2,024",5,A7,DISMINUCIÓN DE PASIVOS,"5,085,000,000.00","3,056,373,260.00","3,056,373,260.00",60,60
"2,024",5,A8,"GASTOS POR TRIBUTOS , MULTAS, SANCIONES E INTERESES DE MORA","100,342,000,000.00","55,129,160,784.00","49,396,981,826.00",55,49
"2,024",5,B,GASTOS DE OPERACIÓN COMERCIAL,"804,426,300,000.00","464,390,593,724.00","171,211,259,629.00",58,21
"2,024",5,D,INVERSIÓN,"112,596,200,000.00","53,395,816,491.00","6,864,852,159.00",47,6
"2,024",5,E,DISPONIBILIDAD FINAL,"10,000,000,000.00","-110,723,605,101.00","257,169,206,722.00","-1,107","2,572"
"2,024",6,A1,GASTOS DE PERSONAL,"128,990,000,000.00","48,089,021,660.00","45,508,474,610.00",37,35
"2,024",6,A2,ADQUISICIÓN DE BIENES Y SERVICIOS,"64,116,000,000.00","31,473,358,772.00","13,518,291,453.00",49,21
"2,024",6,A3,TRANSFERENCIAS CORRIENTES,"76,169,000,000.00","55,606,167,518.00","55,223,732,569.00",73,73
"2,024",6,A7,DISMINUCIÓN DE PASIVOS,"5,085,000,000.00","3,082,818,477.00","3,060,918,477.00",61,60
"2,024",6,A8,"GASTOS POR TRIBUTOS , MULTAS, SANCIONES E INTERESES DE MORA","100,342,000,000.00","82,604,579,629.00","77,770,860,700.00",82,78
"2,024",6,B,GASTOS DE OPERACIÓN COMERCIAL,"804,426,300,000.00","463,577,046,262.00","198,969,993,541.00",58,25
"2,024",6,D,INVERSIÓN,"112,596,200,000.00","54,363,591,841.00","14,225,956,367.00",48,13
"2,024",6,E,DISPONIBILIDAD FINAL,"10,000,000,000.00","-98,040,197,738.00","232,478,158,704.00",-980,"2,325"
"2,024",7,A1,GASTOS DE PERSONAL,"128,990,000,000.00","56,779,532,453.00","54,956,786,160.00",44,43
"2,024",7,A2,ADQUISICIÓN DE BIENES Y SERVICIOS,"64,116,000,000.00","36,878,022,518.00","16,762,819,497.00",58,26
"2,024",7,A3,TRANSFERENCIAS CORRIENTES,"76,169,000,000.00","56,607,921,681.00","56,607,921,681.00",74,74
"2,024",7,A7,DISMINUCIÓN DE PASIVOS,"5,085,000,000.00","3,873,369,129.00","3,873,369,129.00",76,76
"2,024",7,A8,"GASTOS POR TRIBUTOS , MULTAS, SANCIONES E INTERESES DE MORA","100,342,000,000.00","85,328,477,474.00","81,157,117,062.00",85,81
"2,024",7,B,GASTOS DE OPERACIÓN COMERCIAL,"804,426,300,000.00","536,360,472,953.00","231,681,054,583.00",67,29
"2,024",7,D,INVERSIÓN,"112,596,200,000.00","55,198,982,619.00","14,351,842,929.00",49,13
"2,024",7,E,DISPONIBILIDAD FINAL,"10,000,000,000.00","-148,893,381,442.00","222,742,486,344.00","-1,489","2,227"
"2,024",8,A1,GASTOS DE PERSONAL,"128,990,000,000.00","63,175,921,122.00","61,529,846,890.00",49,48
"2,024",8,A2,ADQUISICIÓN DE BIENES Y SERVICIOS,"64,116,000,000.00","37,827,052,570.00","18,803,387,864.00",59,29
"2,024",8,A3,TRANSFERENCIAS CORRIENTES,"76,169,000,000.00","57,330,139,412.00","57,330,139,412.00",75,75
"2,024",8,A7,DISMINUCIÓN DE PASIVOS,"5,085,000,000.00","4,005,423,473.00","3,999,856,631.00",79,79
"2,024",8,A8,"GASTOS POR TRIBUTOS , MULTAS, SANCIONES E INTERESES DE MORA","100,342,000,000.00","87,378,214,319.00","83,876,801,276.00",87,84
"2,024",8,B,GASTOS DE OPERACIÓN COMERCIAL,"804,426,300,000.00","543,617,838,599.00","274,634,188,978.00",68,34
"2,024",8,D,INVERSIÓN,"112,596,200,000.00","56,596,856,939.00","16,732,257,516.00",50,15
"2,024",8,E,DISPONIBILIDAD FINAL,"10,000,000,000.00","-112,095,449,498.00","220,929,518,369.00","-1,121","2,209"
"2,024",9,A1,GASTOS DE PERSONAL,"128,990,000,000.00","71,493,092,864.00","70,572,405,405.00",55,55
"2,024",9,A2,ADQUISICIÓN DE BIENES Y SERVICIOS,"64,116,000,000.00","38,955,256,183.00","22,717,498,143.00",61,35
"2,024",9,A3,TRANSFERENCIAS CORRIENTES,"76,169,000,000.00","57,854,955,208.00","57,783,159,533.00",76,76
"2,024",9,A7,DISMINUCIÓN DE PASIVOS,"5,085,000,000.00","4,536,782,092.00","4,495,782,092.00",89,88
"2,024",9,A8,"GASTOS POR TRIBUTOS , MULTAS, SANCIONES E INTERESES DE MORA","104,642,000,000.00","90,953,852,164.00","88,161,190,709.00",87,84
"2,024",9,B,GASTOS DE OPERACIÓN COMERCIAL,"804,426,300,000.00","611,638,961,079.00","320,889,386,981.00",76,40
"2,024",9,D,INVERSIÓN,"112,596,200,000.00","56,419,980,391.00","22,347,809,241.00",50,20
"2,024",9,E,DISPONIBILIDAD FINAL,"5,700,000,000.00","-142,593,935,545.00","202,291,712,332.00","-2,502","3,549"
"2,024",10,A1,GASTOS DE PERSONAL,"128,990,000,000.00","78,810,378,318.00","78,070,557,667.00",61,61
"2,024",10,A2,ADQUISICIÓN DE BIENES Y SERVICIOS,"64,116,000,000.00","39,871,554,224.00","26,936,725,196.00",62,42
"2,024",10,A3,TRANSFERENCIAS CORRIENTES,"76,169,000,000.00","58,366,498,754.00","58,157,923,627.00",77,76
"2,024",10,A7,DISMINUCIÓN DE PASIVOS,"5,085,000,000.00","4,755,019,721.00","4,732,119,721.00",94,93
"2,024",10,A8,"GASTOS POR TRIBUTOS , MULTAS, SANCIONES E INTERESES DE MORA","104,642,000,000.00","93,109,431,877.00","90,393,883,621.00",89,86
"2,024",10,B,GASTOS DE OPERACIÓN COMERCIAL,"804,426,300,000.00","580,126,372,075.00","385,591,729,716.00",72,48
"2,024",10,D,INVERSIÓN,"112,596,200,000.00","48,923,831,935.00","30,384,082,425.00",43,27
"2,024",10,E,DISPONIBILIDAD FINAL,"5,700,000,000.00","-55,666,639,861.00","174,029,425,070.00",-977,"3,053"
"2,024",11,A1,GASTOS DE PERSONAL,"128,990,000,000.00","86,758,858,318.00","85,919,656,536.00",67,67
"2,024",11,A2,ADQUISICIÓN DE BIENES Y SERVICIOS,"64,116,000,000.00","41,740,879,352.00","29,559,029,545.00",65,46
"2,024",11,A3,TRANSFERENCIAS CORRIENTES,"76,169,000,000.00","59,509,178,880.00","59,432,278,221.00",78,78
"2,024",11,A7,DISMINUCIÓN DE PASIVOS,"5,085,000,000.00","4,878,682,959.00","4,795,415,724.00",96,94
"2,024",11,A8,"GASTOS POR TRIBUTOS , MULTAS, SANCIONES E INTERESES DE MORA","104,642,000,000.00","97,686,513,135.00","95,549,940,066.00",93,91
"2,024",11,B,GASTOS DE OPERACIÓN COMERCIAL,"804,426,300,000.00","577,349,789,681.00","414,966,647,120.00",72,52
"2,024",11,D,INVERSIÓN,"112,596,200,000.00","49,006,181,195.00","32,260,852,522.00",44,29
"2,024",11,E,DISPONIBILIDAD FINAL,"5,700,000,000.00","-18,923,007,474.00","175,523,256,312.00",-332,"3,079"
"2,024",12,A1,GASTOS DE PERSONAL,"128,990,000,000.00","104,911,739,250.00","104,648,305,162.00",81,81
"2,024",12,A2,ADQUISICIÓN DE BIENES Y SERVICIOS,"64,116,000,000.00","42,105,133,556.00","36,958,266,802.00",66,58
"2,024",12,A3,TRANSFERENCIAS CORRIENTES,"76,169,000,000.00","61,765,181,506.00","61,765,181,506.00",81,81
"2,024",12,A7,DISMINUCIÓN DE PASIVOS,"5,085,000,000.00","4,926,209,397.00","4,926,209,397.00",97,97
"2,024",12,A8,"GASTOS POR TRIBUTOS , MULTAS, SANCIONES E INTERESES DE MORA","104,642,000,000.00","101,145,159,924.00","100,008,988,603.00",97,96
"2,024",12,B,GASTOS DE OPERACIÓN COMERCIAL,"804,426,300,000.00","583,055,268,943.00","486,665,319,245.00",72,61
"2,024",12,D,INVERSIÓN,"112,596,200,000.00","100,426,245,800.00","79,953,438,447.00",89,71
"2,024",12,E,DISPONIBILIDAD FINAL,"5,700,000,000.00","67,358,667,459.00","190,767,896,673.00","1,182","3,347"
